{
    "spider": "./spider.jar",
    "wallpaper": "http://127.0.0.1:9978/file/TVBox/wallpaper.jpg",
    "logo": "http://127.0.0.1:9978/file/TVBox/logo.png",
    "sites": [
        {
            "key": "豆瓣",
            "name": "豆瓣｜首页",
            "type": 3,
            "api": "csp_Douban",
            "searchable": 0
        },
        {
            "key": "预告",
            "name": "新片｜预告",
            "type": 3,
            "api": "csp_YGP",
            "searchable": 0
        },
        {
            "key": "本地",
            "name": "本地｜视频",
            "type": 3,
            "api": "csp_LocalFile"
        },
        {
            "key": "配置中心",
            "name": "配置｜中心",
            "type": 3,
            "api": "csp_Config",
            "searchable": 0,
            "changeable": 0,
            "indexs": 0,
            "style": {
                "type": "rect",
                "ratio": 1.597
            }
        },
        {
            "key": "影视配置",
            "name": "影视｜配置",
            "type": 3,
            "api": "csp_Wexconfig",
            "searchable": 0,
            "changeable": 0,
            "indexs": 0,
            "style": {
                "type": "rect",
                "ratio": 1.597
            },
            "jar": "./wex.jar"
        },
        {
            "key": "厂长弹幕",
            "name": "厂长｜弹幕",
            "type": 3,
            "api": "csp_Czzy",
            "searchable": 1,
            "quickSearch": 1,
            "filterable": 1,
            "ext": {
                "danmu": true
            }
        },
        {
            "key": "天天弹幕",
            "name": "天天｜弹幕",
            "type": 3,
            "api": "csp_TianTian",
            "searchable": 1,
            "quickSearch": 1,
            "filterable": 1,
            "ext": {
                "danmu": true,
                "site": "aHR0cDovL29wLnlzZHFqcy5jbg=="
            }
        },
        {
            "key": "热播弹幕",
            "name": "热播｜弹幕",
            "type": 3,
            "api": "csp_TianTian",
            "searchable": 1,
            "quickSearch": 1,
            "filterable": 1,
            "ext": {
                "danmu": true,
                "site": "aHR0cDovL3YucmJvdHYuY24="
            }
        },
        {
            "key": "浪酷弹幕",
            "name": "浪酷｜弹幕",
            "type": 3,
            "api": "csp_TianTian",
            "searchable": 1,
            "quickSearch": 1,
            "filterable": 1,
            "ext": {
                "danmu": true,
                "site": "aHR0cDovL3YubGt1eXMuY24="
            }
        },
        {
            "key": "糯米弹幕",
            "name": "糯米｜弹幕",
            "type": 3,
            "api": "csp_Nmys",
            "searchable": 1,
            "quickSearch": 1,
            "filterable": 1,
            "ext": {
                "danmu": true
            }
        },
        {
            "key": "文才弹幕",
            "name": "文才｜弹幕",
            "type": 3,
            "api": "csp_Jpys",
            "searchable": 1,
            "quickSearch": 1,
            "filterable": 1,
            "ext": {
                "danmu": true
            }
        },
        {
            "key": "哔哩弹幕",
            "name": "哔哩｜弹幕",
            "type": 3,
            "api": "csp_Bilimd",
            "searchable": 1,
            "quickSearch": 1,
            "filterable": 1,
            "style": {
                "type": "rect",
                "ratio": 1.597
            },
            "ext": {
                "cookie": "http://127.0.0.1:9978/file/TVBox/bilibili.txt"
            },
            "timeout": 10
        },
        {
            "key": "哔哩合集",
            "name": "哔哩合集｜弹幕",
            "type": 3,
            "api": "csp_Bili",
            "searchable": 1,
            "quickSearch": 1,
            "filterable": 1,
            "style": {
                "type": "rect",
                "ratio": 1.597
            },
            "ext": {
                "cookie": "http://127.0.0.1:9978/file/TVBox/bilibili.txt",
                "json": "./JSON/哔哩合集.json"
            },
            "timeout": 10
        },
        {
            "key": "立播弹幕",
            "name": "立播｜弹幕",
            "type": 3,
            "api": "csp_Libvio",
            "searchable": 1,
            "filterable": 1,
            "changeable": 1,
            "ext": {
                "token": "http://127.0.0.1:9978/file/TVBox/token.txt",
                "cookie": "http://127.0.0.1:9978/file/TVBox/quark.txt",
                "uc_cookie": "http://127.0.0.1:9978/file/TVBox/uc.txt",
                "site": "https://www.libvio.cc",
                "danmu": true
            }
        },
        {
            "key": "腾讯弹幕",
            "name": "腾讯｜弹幕",
            "type": 3,
            "api": "./JS/drpy2.min.js",
            "ext": "./JS/腾讯弹幕.js"
        },
        {
            "key": "优酷弹幕",
            "name": "优酷｜弹幕",
            "type": 3,
            "api": "./JS/drpy2.min.js",
            "ext": "./JS/优酷弹幕.js"
        },
        {
            "key": "芒果弹幕",
            "name": "芒果｜弹幕",
            "type": 3,
            "api": "./JS/drpy2.min.js",
            "ext": "./JS/芒果弹幕.js"
        },
        {
            "key": "爱奇艺弹幕",
            "name": "爱奇艺｜弹幕",
            "type": 3,
            "api": "./JS/drpy2.min.js",
            "ext": "./JS/爱奇艺弹幕.js"
        },
        {
            "key": "米兔弹幕",
            "name": "米兔｜弹幕",
            "type": 3,
            "api": "./JS/drpy2.min.js",
            "ext": "./JS/米兔弹幕.js"
        },
        {
            "key": "小熊弹幕",
            "name": "小熊｜弹幕",
            "type": 3,
            "api": "./JS/drpy2.min.js",
            "ext": "./JS/小熊弹幕.js"
        },
        {
            "key": "巨人弹幕",
            "name": "巨人｜弹幕",
            "type": 3,
            "api": "./JS/drpy2.min.js",
            "ext": "./JS/巨人弹幕.js"
        },
        {
            "key": "追剧弹幕",
            "name": "追剧｜弹幕",
            "type": 3,
            "api": "./JS/drpy2.min.js",
            "ext": "./JS/追剧弹幕.js"
        },
        {
            "key": "梦米弹幕",
            "name": "梦米｜弹幕",
            "type": 3,
            "api": "./JS/drpy2.min.js",
            "ext": "./JS/梦米弹幕.js"
        },
        {
            "key": "小虎斑弹幕",
            "name": "小虎斑｜弹幕",
            "type": 3,
            "api": "./JS/drpy2.min.js",
            "ext": "./JS/小虎斑弹幕.js"
        },
        {
            "key": "三六零弹幕",
            "name": "三六零｜弹幕",
            "type": 3,
            "api": "csp_Sp360",
            "searchable": 1,
            "filterable": 1,
            "changeable": 1,
            "ext": {
                "danmu": true
            }
        },
        {
            "key": "机器人弹幕",
            "name": "机器人｜弹幕",
            "type": 3,
            "api": "csp_Ikanbot",
            "searchable": 1,
            "quickSearch": 1,
            "filterable": 1,
            "ext": {
                "danmu": true
            }
        },
        {
            "key": "小苹果弹幕",
            "name": "小苹果｜弹幕",
            "type": 3,
            "api": "csp_Xpg",
            "searchable": 1,
            "quickSearch": 1,
            "filterable": 1,
            "ext": {
                "danmu": true
            }
        },
        {
            "key": "荐片弹幕",
            "name": "荐片｜弹幕",
            "type": 3,
            "api": "csp_Jianpian",
            "playerType": 1,
            "searchable": 1,
            "quickSearch": 1,
            "filterable": 1,
            "ext": {
                "danmu": true
            }
        },
        {
            "key": "哔嘀弹幕",
            "name": "哔嘀｜弹幕",
            "type": 3,
            "api": "csp_Bdys",
            "searchable": 1,
            "quickSearch": 1,
            "filterable": 1,
            "ext": {
                "site": "https://www.xlys01.com",
                "danmu": true
            }
        },
        {
            "key": "玩偶弹幕",
            "name": "玩偶｜4K弹幕",
            "type": 3,
            "api": "csp_Wogg",
            "searchable": 1,
            "quickSearch": 1,
            "filterable": 1,
            "ext": {
                "token": "http://127.0.0.1:9978/file/TVBox/token.txt",
                "cookie": "http://127.0.0.1:9978/file/TVBox/quark.txt",
                "uc_cookie": "http://127.0.0.1:9978/file/TVBox/uc.txt",
                "wogg": true,
                "danmu": true
            }
        },
        {
            "key": "夸克闪电弹幕",
            "name": "闪电｜4K弹幕",
            "type": 3,
            "api": "csp_Wobg",
            "searchable": 1,
            "quickSearch": 1,
            "filterable": 1,
            "changeable": 1,
            "ext": {
                "token": "http://127.0.0.1:9978/file/TVBox/token.txt",
                "cookie": "http://127.0.0.1:9978/file/TVBox/quark.txt",
                "uc_cookie": "http://127.0.0.1:9978/file/TVBox/uc.txt",
                "site": "http://1.95.79.193",
                "danmu": true
            }
        },
        {
            "key": "夸克欧歌弹幕",
            "name": "欧哥｜4K弹幕",
            "type": 3,
            "api": "csp_Wobg",
            "searchable": 1,
            "quickSearch": 1,
            "filterable": 1,
            "changeable": 1,
            "ext": {
                "token": "http://127.0.0.1:9978/file/TVBox/token.txt",
                "cookie": "http://127.0.0.1:9978/file/TVBox/quark.txt",
                "uc_cookie": "http://127.0.0.1:9978/file/TVBox/uc.txt",
                "site": "https://woog.nxog.eu.org",
                "danmu": true
            }
        },
        {
            "key": "夸克小米弹幕",
            "name": "小米｜4K弹幕",
            "type": 3,
            "api": "csp_Wobg",
            "quickSearch": 1,
            "changeable": 1,
            "filterable": 1,
            "ext": {
                "token": "http://127.0.0.1:9978/file/TVBox/token.txt",
                "cookie": "http://127.0.0.1:9978/file/TVBox/quark.txt",
                "uc_cookie": "http://127.0.0.1:9978/file/TVBox/uc.txt",
                "site": "http://ucmi.fun",
                "danmu": true
            }
        },
        {
            "key": "夸克多多弹幕",
            "name": "多多｜4K弹幕",
            "type": 3,
            "api": "csp_Wobg",
            "quickSearch": 1,
            "changeable": 1,
            "filterable": 1,
            "ext": {
                "token": "http://127.0.0.1:9978/file/TVBox/token.txt",
                "cookie": "http://127.0.0.1:9978/file/TVBox/quark.txt",
                "uc_cookie": "http://127.0.0.1:9978/file/TVBox/uc.txt",
                "site": "https://tv.yydsys.top",
                "danmu": true
            }
        },
        {
            "key": "夸克蜡笔弹幕",
            "name": "蜡笔｜4K弹幕",
            "type": 3,
            "api": "csp_Wobg",
            "quickSearch": 1,
            "changeable": 1,
            "filterable": 1,
            "ext": {
                "token": "http://127.0.0.1:9978/file/TVBox/token.txt",
                "cookie": "http://127.0.0.1:9978/file/TVBox/quark.txt",
                "uc_cookie": "http://127.0.0.1:9978/file/TVBox/uc.txt",
                "site": "http://feimaoai.site",
                "danmu": true
            }
        },
        {
            "key": "夸克至臻弹幕",
            "name": "至臻｜4K弹幕",
            "type": 3,
            "api": "csp_Wobg",
            "quickSearch": 1,
            "changeable": 1,
            "filterable": 1,
            "ext": {
                "token": "http://127.0.0.1:9978/file/TVBox/token.txt",
                "cookie": "http://127.0.0.1:9978/file/TVBox/quark.txt",
                "uc_cookie": "http://127.0.0.1:9978/file/TVBox/uc.txt",
                "site": "https://xiaomiai.site",
                "danmu": true
            }
        },
        {
            "key": "夸克土豆弹幕",
            "name": "土豆｜4K弹幕",
            "type": 3,
            "api": "csp_Wobg",
            "quickSearch": 1,
            "changeable": 1,
            "filterable": 1,
            "ext": {
                "token": "http://127.0.0.1:9978/file/TVBox/token.txt",
                "cookie": "http://127.0.0.1:9978/file/TVBox/quark.txt",
                "uc_cookie": "http://127.0.0.1:9978/file/TVBox/uc.txt",
                "site": "https://dcyun.cc",
                "danmu": true
            }
        },
        {
            "key": "夸克木偶弹幕",
            "name": "木偶｜4K弹幕",
            "type": 3,
            "api": "csp_Wobg",
            "quickSearch": 1,
            "changeable": 1,
            "filterable": 1,
            "ext": {
                "token": "http://127.0.0.1:9978/file/TVBox/token.txt",
                "cookie": "http://127.0.0.1:9978/file/TVBox/quark.txt",
                "uc_cookie": "http://127.0.0.1:9978/file/TVBox/uc.txt",
                "site": "http://www.muoupan.top",
                "danmu": true
            }
        },
        {
            "key": "夸克六趣弹幕",
            "name": "六趣｜4K弹幕",
            "type": 3,
            "api": "csp_Wobg",
            "searchable": 1,
            "quickSearch": 1,
            "filterable": 1,
            "changeable": 1,
            "ext": {
                "token": "http://127.0.0.1:9978/file/TVBox/token.txt",
                "cookie": "http://127.0.0.1:9978/file/TVBox/quark.txt",
                "uc_cookie": "http://127.0.0.1:9978/file/TVBox/uc.txt",
                "site": "https://wp.0v.fit",
                "danmu": true
            }
        },
        {
            "key": "夸克奥秘弹幕",
            "name": "奥秘｜4K弹幕",
            "type": 3,
            "api": "csp_Wobg",
            "searchable": 1,
            "quickSearch": 1,
            "filterable": 1,
            "changeable": 1,
            "ext": {
                "token": "http://127.0.0.1:9978/file/TVBox/token.txt",
                "cookie": "http://127.0.0.1:9978/file/TVBox/quark.txt",
                "uc_cookie": "http://127.0.0.1:9978/file/TVBox/uc.txt",
                "site": "https://vip.omii.top",
                "danmu": true
            }
        },
        {
            "key": "夸克白嫖弹幕",
            "name": "白嫖｜4K弹幕",
            "type": 3,
            "api": "csp_Wobg",
            "quickSearch": 1,
            "changeable": 1,
            "filterable": 1,
            "ext": {
                "token": "http://127.0.0.1:9978/file/TVBox/token.txt",
                "cookie": "http://127.0.0.1:9978/file/TVBox/quark.txt",
                "uc_cookie": "http://127.0.0.1:9978/file/TVBox/uc.txt",
                "site": "https://smdyo.top",
                "danmu": true
            }
        },
        {
            "key": "夸克虎斑弹幕",
            "name": "虎斑｜4K弹幕",
            "type": 3,
            "api": "csp_Wobg",
            "quickSearch": 1,
            "changeable": 1,
            "filterable": 1,
            "ext": {
                "token": "http://127.0.0.1:9978/file/TVBox/token.txt",
                "cookie": "http://127.0.0.1:9978/file/TVBox/quark.txt",
                "uc_cookie": "http://127.0.0.1:9978/file/TVBox/uc.txt",
                "site": "https://wp.huban.xyz",
                "danmu": true
            }
        },
        {
            "key": "夸克下饭弹幕",
            "name": "下饭｜4K弹幕",
            "type": 3,
            "api": "csp_Wobg",
            "quickSearch": 1,
            "changeable": 1,
            "filterable": 1,
            "ext": {
                "token": "http://127.0.0.1:9978/file/TVBox/token.txt",
                "cookie": "http://127.0.0.1:9978/file/TVBox/quark.txt",
                "uc_cookie": "http://127.0.0.1:9978/file/TVBox/uc.txt",
                "site": "http://txfyyds.top",
                "danmu": true
            }
        },
        {
            "key": "115",
            "name": "115｜4K",
            "type": 3,
            "api": "csp_Wex115share",
            "searchable": 1,
            "changeable": 1,
            "timeout": 50,
            "style": {
                "type": "list"
            },
            "jar": "./wex.jar"
        },
        {
            "key": "雷鲸",
            "name": "雷鲸｜4K",
            "type": 3,
            "api": "csp_Wexleijing",
            "searchable": 1,
            "changeable": 1,
            "jar": "./wex.jar"
        },
        {
            "key": "天翼",
            "name": "天翼｜4K",
            "type": 3,
            "api": "csp_Wextyso",
            "searchable": 1,
            "changeable": 0,
            "jar": "./wex.jar"
        },
        {
            "key": "盘他",
            "name": "盘他｜4K‍",
            "type": 3,
            "api": "csp_WexYDpanta",
            "searchable": 1,
            "changeable": 1,
            "jar": "./wex.jar"
        },
        {
            "key": "Emby",
            "name": "Emby｜4K",
            "type": 3,
            "api": "csp_Wexemby",
            "searchable": 1,
            "changeable": 1,
            "jar": "./wex.jar"
        },
        {
            "key": "星芽短剧",
            "name": "星芽｜短剧",
            "type": 3,
            "api": "csp_AppXY",
            "searchable": 1,
            "quickSearch": 0,
            "filterable": 0
        },
        {
            "key": "吉吉短剧",
            "name": "吉吉｜短剧",
            "type": 3,
            "api": "csp_XBPQ",
            "ext": "./XBPQ/吉吉短剧.json"
        },
        {
            "key": "爱我短剧",
            "name": "爱我｜短剧",
            "type": 3,
            "api": "csp_XBPQ",
            "searchable": 1,
            "quickSearch": 1,
            "filterable": 1,
            "ext": "./XBPQ/爱我短剧.json"
        },
        {
            "key": "短剧网",
            "name": "短剧网｜短剧",
            "type": 3,
            "api": "csp_XBPQ",
            "ext": "./XBPQ/短剧网.json"
        },
        {
            "key": "短剧屋",
            "name": "短剧屋｜短剧",
            "type": 3,
            "api": "csp_XYQHiker",
            "searchable": 1,
            "quickSearch": 1,
            "filterable": 1,
            "ext": "./XYQHiker/短剧屋.json"
        },
        {
            "key": "韩小圈",
            "name": "韩小圈｜APP",
            "type": 3,
            "api": "csp_HanXiaoQuan",
            "searchable": 1,
            "quickSearch": 1,
            "filterable": 1
        },
        {
            "key": "新视觉影视",
            "name": "新视觉｜APP",
            "type": 3,
            "api": "./PY/新视觉.py",
            "searchable": 1,
            "changeable": 1,
            "quickSearch": 1,
            "filterable": 1,
            "playerType": 2
        },
        {
            "key": "酷影视",
            "name": "酷影视｜APP",
            "type": 3,
            "api": "csp_AppYsV2",
            "searchable": 1,
            "quickSearch": 1,
            "filterable": 1,
            "ext": "https://www.tvkuys.xyz/api.php/app/"
        },
        {
            "key": "皮皮虾",
            "name": "皮皮虾｜APP",
            "type": 3,
            "api": "csp_AppYsV2",
            "searchable": 1,
            "quickSearch": 1,
            "filterable": 1,
            "ext": "http://38.55.250.149:1314/api.php/app/"
        },
        {
            "key": "HG影视",
            "name": "HG影视｜APP",
            "type": 3,
            "api": "csp_AppYsV2",
            "searchable": 1,
            "quickSearch": 1,
            "filterable": 1,
            "ext": "https://cs.hgyx.vip/api2/api.php/app/"
        },
        {
            "key": "南瓜",
            "name": "南瓜｜App",
            "type": 3,
            "api": "csp_NanGua",
            "searchable": 1,
            "quickSearch": 1,
            "playerType": 2,
            "filterable": 1,
            "ext": ""
        },
        {
            "key": "木头",
            "name": "木头｜App",
            "type": 3,
            "api": "csp_Shark",
            "playerType": 1,
            "ext": "saHR0cDovL21pdG8ubWlub3R2LmNuL3xhYXNzZGR3d3h4bGxzeDF4fGJic3NxZGJic3NsbDI1c3g="
        },
        {
            "key": "雨滴",
            "name": "雨滴｜App",
            "type": 3,
            "api": "csp_Xdai",
            "playerType": 1,
            "ext": "jaHR0cDovL2M4dzJvdjd1NXdnMnoxbzhwMjFjLmFsaXl1bmNzLmNsaWNrfGs5bzNwMmM4YjdtM3owbzh8azlvM3AyYzhiN20zejBvOHwxMDA="
        },
        {
            "key": "现代",
            "name": "现代｜App",
            "type": 3,
            "api": "csp_Xdai",
            "playerType": 1,
            "ext": "caHR0cHM6Ly9hcHAuYnJvdm9kLmNvbXxzemRqd2RhcHB3Y25tZGhifHN6ZGp3ZGFwcHdjbm1kaGJ8MTE0"
        },
        {
            "key": "优质",
            "name": "优质｜App",
            "type": 3,
            "api": "csp_Xdai",
            "playerType": 1,
            "ext": "jaHR0cHM6Ly9hcGlhcHBkeXl6dHZ5eWRzcXdkeS42OC5neTo1Njg5fGR5eXp0dmFwaWFwcHl5ZHN8ZHl5enR2YXBpYXBweXlkc3wxMDA="
        },
        {
            "key": "客星",
            "name": "客星｜App",
            "type": 3,
            "api": "csp_Xdai",
            "playerType": 1,
            "ext": "caHR0cDovL2t4eXMua2FpeGlubWFuaHVhLnRvcHw1ODliMTkwNmI5NWY3MTljfDU4OWIxOTA2Yjk1ZjcxOWN8MTAw"
        },
        {
            "key": "木叶",
            "name": "木叶｜App",
            "type": 3,
            "api": "csp_Xdai",
            "playerType": 2,
            "ext": "saHR0cHM6Ly94Y2Jhb3RhLm9zcy1jbi1xaW5nZGFvLmFsaXl1bmNzLmNvbS9nZXRhcHBfdjQudHh0fDZ2YXhqbjR2YmtyaHN6cDh8NnZheGpuNHZia3Joc3pwOHwxMDA="
        },
        {
            "key": "蝴蝶",
            "name": "蝴蝶｜App",
            "type": 3,
            "api": "csp_Hudie",
            "playerType": 2,
            "ext": "eaHR0cHM6Ly9kLmRjbW92aWUudG9w"
        },
        {
            "key": "天天影视",
            "name": "天天｜APP",
            "type": 3,
            "api": "csp_AppTT",
            "searchable": 1,
            "quickSearch": 1,
            "filterable": 1
        },
        {
            "key": "热播影视",
            "name": "热播｜APP",
            "type": 3,
            "api": "csp_AppRB",
            "searchable": 1,
            "quickSearch": 1,
            "filterable": 1
        },
        {
            "key": "洽洽影视",
            "name": "洽洽｜APP",
            "type": 3,
            "api": "csp_AppGZ",
            "searchable": 1,
            "quickSearch": 1,
            "filterable": 1
        },
        {
            "key": "忍者影视",
            "name": "忍者｜APP",
            "type": 3,
            "api": "csp_AppRZ",
            "searchable": 1,
            "quickSearch": 1,
            "filterable": 1
        },
        {
            "key": "西瓜视频",
            "name": "西瓜｜视频",
            "type": 3,
            "api": "csp_AmuXiguaV2",
            "searchable": 1,
            "quickSearch": 0,
            "filterable": 0,
            "changeable": 0,
            "style": {
                "type": "rect",
                "ratio": 1.597
            }
        },
        {
            "key": "采集之王",
            "name": "采集｜合集",
            "type": 3,
            "api": "./JS/drpy2.min.js",
            "ext": "./JS/采集之王.js?type=url&params=../JSON/采集静态.json$1$1"
        },
        {
            "key": "厂长资源",
            "name": "厂长｜资源",
            "type": 3,
            "api": "csp_Czzy",
            "searchable": 1,
            "quickSearch": 1,
            "filterable": 1
        },
        {
            "key": "低端影视",
            "name": "低端｜影视",
            "type": 3,
            "api": "csp_Ddys",
            "searchable": 1,
            "quickSearch": 1,
            "filterable": 1
        },
        {
            "key": "快看影视",
            "name": "快看｜影视",
            "type": 3,
            "api": "csp_Kuaikan",
            "searchable": 1,
            "quickSearch": 1,
            "filterable": 1
        },
        {
            "key": "农民影视",
            "name": "农民｜影视",
            "type": 3,
            "api": "csp_Nmys",
            "searchable": 1,
            "quickSearch": 1,
            "filterable": 1
        },
        {
            "key": "立播影视",
            "name": "立播｜影视",
            "type": 3,
            "api": "csp_Libvio",
            "searchable": 1,
            "filterable": 1,
            "changeable": 1,
            "ext": {
                "token": "http://127.0.0.1:9978/file/TVBox/token.txt",
                "cookie": "http://127.0.0.1:9978/file/TVBox/quark.txt",
                "uc_cookie": "http://127.0.0.1:9978/file/TVBox/uc.txt",
                "site": "https://www.libvio.cc"
            }
        },
        {
            "key": "饺子影视",
            "name": "饺子｜影视",
            "type": 3,
            "api": "csp_Jiaozi",
            "searchable": 1,
            "quickSearch": 1,
            "filterable": 1
        },
        {
            "key": "全网影视",
            "name": "全网｜影视",
            "type": 3,
            "api": "csp_Quanwk",
            "searchable": 1,
            "quickSearch": 1,
            "filterable": 1,
            "ext": "https://www.91qkw.com"
        },
        {
            "key": "看客影视",
            "name": "看客｜影视",
            "type": 3,
            "api": "csp_Kanke",
            "searchable": 1,
            "quickSearch": 1,
            "filterable": 1
        },
        {
            "key": "瓜子影视",
            "name": "瓜子｜影视",
            "type": 3,
            "api": "csp_Gz360",
            "searchable": 1,
            "quickSearch": 1,
            "filterable": 1
        },
        {
            "key": "奇优影视",
            "name": "奇优｜影视",
            "type": 3,
            "api": "csp_Qiyou",
            "searchable": 1,
            "quickSearch": 1,
            "filterable": 1,
            "ext": "http://www.dyxz2.com/"
        },
        {
            "key": "骚火影视",
            "name": "骚火｜影视",
            "type": 3,
            "api": "csp_SaoHuo",
            "searchable": 1,
            "quickSearch": 1,
            "filterable": 1
        },
        {
            "key": "可可影视",
            "name": "可可｜影视",
            "type": 3,
            "api": "csp_XBPQ",
            "searchable": 1,
            "quickSearch": 1,
            "filterable": 1,
            "ext": "./XBPQ/可可影视.json"
        },
        {
            "key": "海纳影视",
            "name": "海纳｜影视",
            "type": 3,
            "api": "csp_XBPQ",
            "searchable": 1,
            "quickSearch": 1,
            "filterable": 1,
            "ext": "./XBPQ/海纳影视.json"
        },
        {
            "key": "面包影视",
            "name": "面包｜影视",
            "type": 3,
            "api": "csp_XBPQ",
            "ext": "./XBPQ/面包影视.json"
        },
        {
            "key": "永乐影视",
            "name": "永乐｜影视",
            "type": 3,
            "api": "csp_XBPQ",
            "ext": "./XBPQ/永乐影视.json"
        },
        {
            "key": "雪糕影视",
            "name": "雪糕｜影视",
            "type": 3,
            "api": "csp_XBPQ",
            "ext": "./XBPQ/雪糕影视.json"
        },
        {
            "key": "流光影视",
            "name": "流光｜影视",
            "type": 3,
            "api": "csp_XBPQ",
            "ext": "./XBPQ/流光影视.json"
        },
        {
            "key": "金牌影视",
            "name": "金牌｜影视",
            "type": 3,
            "api": "csp_WebJP",
            "searchable": 1,
            "quickSearch": 1,
            "filterable": 1
        },
        {
            "key": "真心影视",
            "name": "真心｜影视",
            "type": 3,
            "api": "csp_WebGZ",
            "searchable": 1,
            "quickSearch": 1,
            "filterable": 1
        },
        {
            "key": "素白白",
            "name": "素白白｜影视",
            "type": 3,
            "api": "csp_Subaibai",
            "searchable": 1,
            "quickSearch": 1,
            "filterable": 1,
            "ext": "http://subaibai.com"
        },
        {
            "key": "小苹果",
            "name": "小苹果｜影视",
            "type": 3,
            "api": "csp_Xpg",
            "searchable": 1,
            "quickSearch": 1,
            "filterable": 1
        },
        {
            "key": "机器人",
            "name": "机器人｜影视",
            "type": 3,
            "api": "csp_Ikanbot",
            "searchable": 1,
            "quickSearch": 1,
            "filterable": 1
        },
        {
            "key": "电影牛",
            "name": "电影牛｜影视",
            "type": 3,
            "api": "csp_XYQHiker",
            "searchable": 1,
            "quickSearch": 1,
            "filterable": 1,
            "ext": "./XYQHiker/电影牛.json"
        },
        {
            "key": "剧圈圈",
            "name": "剧圈圈｜影视",
            "type": 3,
            "api": "./JS/drpy2.min.js",
            "ext": "./JS/剧圈圈.js"
        },
        {
            "key": "追剧迷",
            "name": "追剧迷｜影视",
            "type": 3,
            "api": "./JS/drpy2.min.js",
            "ext": "./JS/追剧迷.js"
        },
        {
            "key": "看了么",
            "name": "看了么｜影视",
            "type": 3,
            "api": "./JS/drpy2.min.js",
            "ext": "./JS/看了么.js"
        },
        {
            "key": "茶杯狐",
            "name": "茶杯狐｜影视",
            "type": 3,
            "api": "./JS/drpy2.min.js",
            "ext": "./JS/茶杯狐.js"
        },
        {
            "key": "魔力高清",
            "name": "魔力｜影视",
            "type": 3,
            "api": "./JS/drpy2.min.js",
            "ext": "./JS/魔力高清.js"
        },
        {
            "key": "碟调影视",
            "name": "碟调｜影视",
            "type": 3,
            "api": "./JS/drpy2.min.js",
            "ext": "./JS/碟调影视.js"
        },
        {
            "key": "奇趣影视",
            "name": "奇趣｜影视",
            "type": 3,
            "api": "csp_XYQHiker",
            "searchable": 1,
            "quickSearch": 1,
            "filterable": 1,
            "ext": "./XYQHiker/奇趣影视.json"
        },
        {
            "key": "1905",
            "name": "1905｜影视",
            "type": 3,
            "api": "csp_Web1905",
            "searchable": 1,
            "quickSearch": 0,
            "filterable": 0
        },
        {
            "key": "红牛资源",
            "name": "红牛｜采集",
            "type": 1,
            "api": "https://www.hongniuzy2.com/api.php/provide/vod/",
            "searchable": 1,
            "changeable": 1,
            "categories": [
                "动作片",
                "喜剧片",
                "爱情片",
                "科幻片",
                "恐怖片",
                "剧情片",
                "战争片",
                "国产剧",
                "港澳剧",
                "日剧",
                "欧美剧",
                "台湾剧",
                "泰剧",
                "韩剧",
                "纪录片",
                "动漫电影"
            ]
        },
        {
            "key": "光速资源",
            "name": "光速｜采集",
            "type": 1,
            "api": "http://api.guangsuapi.com/api.php/provide/vod/",
            "searchable": 1,
            "changeable": 1,
            "categories": [
                "动作片",
                "喜剧片",
                "爱情片",
                "科幻片",
                "剧情片",
                "恐怖片",
                "战争片",
                "动漫电影",
                "大陆剧",
                "欧美剧",
                "港澳剧",
                "韩剧",
                "日剧",
                "台湾剧",
                "泰剧",
                "综艺",
                "动漫",
                "记录片"
            ]
        },
        {
            "key": "极速资源",
            "name": "极速｜采集",
            "type": 1,
            "api": "https://jszyapi.com/api.php/provide/vod/",
            "searchable": 1,
            "changeable": 1,
            "categories": [
                "日剧",
                "马泰剧",
                "内地剧",
                "欧美剧",
                "香港剧",
                "韩剧",
                "台湾剧",
                "恐怖片",
                "动画片",
                "剧情片",
                "战争片",
                "动作片",
                "记录片",
                "爱情片",
                "喜剧片",
                "科幻片",
                "灾难片",
                "悬疑片",
                "犯罪片",
                "中国动漫",
                "日本动漫",
                "欧美动漫"
            ]
        },
        {
            "key": "快车资源",
            "name": "快车｜采集",
            "type": 1,
            "api": "https://caiji.kczyapi.com/api.php/provide/vod/",
            "searchable": 1,
            "changeable": 1,
            "categories": [
                "动作片",
                "喜剧片",
                "爱情片",
                "科幻片",
                "恐怖片",
                "战争片",
                "剧情片",
                "动画片",
                "纪录片",
                "国产剧",
                "香港剧",
                "台湾剧",
                "欧美剧",
                "韩国剧",
                "日本剧",
                "泰国剧",
                "海外剧",
                "国产动漫",
                "日本动漫",
                "欧美动漫",
                "大陆综艺",
                "日韩综艺",
                "港台综艺",
                "欧美综艺"
            ]
        },
        {
            "key": "索尼资源",
            "name": "索尼｜采集",
            "type": 1,
            "api": "https://suoniapi.com/api.php/provide/vod/",
            "searchable": 1,
            "changeable": 1,
            "categories": [
                "动作片",
                "喜剧片",
                "爱情片",
                "科幻片",
                "恐怖片",
                "剧情片",
                "战争片",
                "纪录片",
                "动画片",
                "国产剧",
                "欧美剧",
                "韩剧",
                "日剧",
                "港剧",
                "台剧",
                "泰剧",
                "海外剧",
                "大陆综艺",
                "日韩综艺",
                "港台综艺",
                "欧美综艺",
                "国产动漫",
                "日韩动漫",
                "欧美动漫",
                "港台动漫",
                "海外动漫"
            ]
        },
        {
            "key": "量子资源",
            "name": "量子｜采集",
            "type": 1,
            "api": "https://cj.lziapi.com/api.php/provide/vod/",
            "searchable": 1,
            "changeable": 1,
            "categories": [
                "动作片",
                "喜剧片",
                "科幻片",
                "恐怖片",
                "爱情片",
                "剧情片",
                "战争片",
                "记录片",
                "国产剧",
                "欧美剧",
                "香港剧",
                "韩国剧",
                "台湾剧",
                "日本剧",
                "海外剧",
                "泰国剧",
                "国产动漫",
                "日韩动漫",
                "欧美动漫",
                "港台动漫",
                "海外动漫",
                "大陆综艺",
                "港台综艺",
                "日韩综艺",
                "欧美综艺"
            ]
        },
        {
            "key": "非凡资源",
            "name": "非凡｜采集",
            "type": 1,
            "api": "http://cj.ffzyapi.com/api.php/provide/vod/",
            "searchable": 1,
            "changeable": 1,
            "categories": [
                "动作片",
                "喜剧片",
                "科幻片",
                "恐怖片",
                "爱情片",
                "剧情片",
                "战争片",
                "记录片",
                "国产剧",
                "欧美剧",
                "香港剧",
                "韩国剧",
                "台湾剧",
                "日本剧",
                "海外剧",
                "泰国剧",
                "国产动漫",
                "日韩动漫",
                "欧美动漫",
                "港台动漫",
                "海外动漫",
                "大陆综艺",
                "港台综艺",
                "日韩综艺",
                "欧美综艺"
            ]
        },
        {
            "key": "56动漫",
            "name": "56｜动漫",
            "type": 3,
            "api": "./JS/drpy2.min.js",
            "ext": "./JS/56动漫.js"
        },
        {
            "key": "NT动漫",
            "name": "NT｜动漫",
            "type": 3,
            "api": "./JS/drpy2.min.js",
            "ext": "./JS/NT动漫.js"
        },
        {
            "key": "Anime1",
            "name": "Anime1｜动漫",
            "type": 3,
            "api": "./JS/drpy2.min.js",
            "ext": "./JS/Anime1.js"
        },
        {
            "key": "哆啦新番社",
            "name": "哆啦｜新番社",
            "type": 3,
            "api": "csp_XBPQ",
            "searchable": 1,
            "quickSearch": 1,
            "filterable": 1,
            "style": {
                "type": "list"
            },
            "ext": "./XBPQ/哆啦新番社.json"
        },
        {
            "key": "动画片",
            "name": "动画片｜动漫",
            "type": 3,
            "api": "./JS/drpy2.min.js",
            "ext": "./JS/动画片大全.js"
        },
        {
            "key": "路漫漫",
            "name": "路漫漫｜动漫",
            "type": 3,
            "api": "./JS/drpy2.min.js",
            "ext": "./JS/路漫漫.js"
        },
        {
            "key": "动漫岛",
            "name": "动漫岛｜动漫",
            "type": 3,
            "api": "./JS/drpy2.min.js",
            "ext": "./JS/动漫岛.js"
        },
        {
            "key": "去看吧",
            "name": "去看吧｜动漫",
            "type": 3,
            "api": "./JS/drpy2.min.js",
            "ext": "./JS/去看吧.js"
        },
        {
            "key": "爱弹幕",
            "name": "爱弹幕｜动漫",
            "type": 3,
            "api": "./JS/drpy2.min.js",
            "ext": "./JS/爱弹幕.js"
        },
        {
            "key": "异世界",
            "name": "异世界｜动漫",
            "type": 3,
            "api": "./JS/drpy2.min.js",
            "ext": "./JS/异世界.js"
        },
        {
            "key": "好看动漫",
            "name": "好看｜动漫",
            "type": 3,
            "api": "./JS/drpy2.min.js",
            "ext": "./JS/好看动漫.js"
        },
        {
            "key": "奇米动漫",
            "name": "奇米｜动漫",
            "type": 3,
            "api": "./JS/drpy2.min.js",
            "ext": "./JS/奇米动漫.js"
        },
        {
            "key": "怡萱动漫",
            "name": "怡萱｜动漫",
            "type": 3,
            "api": "./JS/drpy2.min.js",
            "ext": "./JS/怡萱动漫.js"
        },
        {
            "key": "花子动漫",
            "name": "花子｜动漫",
            "type": 3,
            "api": "./JS/drpy2.min.js",
            "ext": "./JS/花子动漫.js"
        },
        {
            "key": "动漫巴士",
            "name": "巴士｜动漫",
            "type": 3,
            "api": "./JS/drpy2.min.js",
            "ext": "./JS/动漫巴士.js"
        },
        {
            "key": "樱花动漫",
            "name": "樱花｜动漫",
            "type": 3,
            "api": "./JS/drpy2.min.js",
            "ext": "./JS/樱花动漫.js"
        },
        {
            "key": "夸克影搜弹幕",
            "name": "影搜｜弹幕",
            "type": 3,
            "api": "csp_Yingso",
            "searchable": 1,
            "filterable": 0,
            "changeable": 1,
            "ext": {
                "token": "http://127.0.0.1:9978/file/TVBox/token.txt",
                "cookie": "http://127.0.0.1:9978/file/TVBox/quark.txt",
                "danmu": true
            }
        },
        {
            "key": "搜索弹幕",
            "name": "搜索｜弹幕",
            "type": 3,
            "api": "csp_PanSearch",
            "searchable": 1,
            "filterable": 0,
            "changeable": 1,
            "ext": {
                "token": "http://127.0.0.1:9978/file/TVBox/token.txt",
                "danmu": true
            }
        },
        {
            "key": "易搜弹幕",
            "name": "易搜｜弹幕",
            "type": 3,
            "api": "csp_YiSo",
            "searchable": 1,
            "filterable": 0,
            "changeable": 1,
            "ext": {
                "token": "http://127.0.0.1:9978/file/TVBox/token.txt",
                "danmu": true,
                "cookie": "satoken=0eedba28-be8a-4f01-81af-2d8d44808ecf"
            }
        },
        {
            "key": "云盘弹幕",
            "name": "云盘｜弹幕",
            "type": 3,
            "api": "csp_Yunpan4k",
            "searchable": 1,
            "filterable": 0,
            "changeable": 1,
            "ext": {
                "token": "http://127.0.0.1:9978/file/TVBox/token.txt",
                "cookie": "http://127.0.0.1:9978/file/TVBox/quark.txt",
                "danmu": true
            }
        },
        {
            "key": "米搜弹幕",
            "name": "米搜｜弹幕",
            "type": 3,
            "api": "csp_Qkpanso",
            "searchable": 1,
            "filterable": 1,
            "changeable": 0,
            "ext": {
                "cookie": "http://127.0.0.1:9978/file/TVBox/quark.txt",
                "site": "https://www.misou.fun",
                "danmu": true
            }
        },
        {
            "key": "夸搜弹幕",
            "name": "夸搜｜弹幕",
            "type": 3,
            "api": "csp_Qkso",
            "searchable": 1,
            "filterable": 1,
            "changeable": 0,
            "ext": {
                "cookie": "http://127.0.0.1:9978/file/TVBox/quark.txt",
                "danmu": true
            }
        },
        {
            "key": "小纸条弹幕",
            "name": "小纸条｜弹幕",
            "type": 3,
            "api": "csp_XiaoZhiTiao",
            "searchable": 1,
            "filterable": 1,
            "changeable": 0,
            "ext": {
                "token": "http://127.0.0.1:9978/file/TVBox/token.txt",
                "danmu": true
            }
        },
        {
            "key": "夸克趣盘搜弹幕",
            "name": "趣盘搜｜弹幕",
            "type": 3,
            "api": "csp_QuPanSou",
            "searchable": 1,
            "quickSearch": 1,
            "filterable": 1,
            "changeable": 1,
            "ext": {
                "cookie": "http://127.0.0.1:9978/file/TVBox/quark.txt",
                "danmu": true
            }
        },
        {
            "key": "夸克短剧弹幕",
            "name": "夸克短剧｜弹幕",
            "type": 3,
            "api": "csp_Qkdj",
            "searchable": 1,
            "filterable": 1,
            "changeable": 0,
            "ext": {
                "cookie": "http://127.0.0.1:9978/file/TVBox/quark.txt",
                "danmu": true
            }
        },
        {
            "key": "荐片",
            "name": "荐片｜磁力",
            "type": 3,
            "api": "csp_Jianpian",
            "playerType": 1,
            "searchable": 1,
            "quickSearch": 1,
            "filterable": 1
        },
        {
            "key": "New6v",
            "name": "New6V｜磁力",
            "type": 3,
            "api": "csp_New6v",
            "searchable": 1,
            "quickSearch": 1,
            "filterable": 1,
            "ext": "https://www.xb6v.com"
        },
        {
            "key": "SeedHub",
            "name": "SeedHub｜磁力",
            "type": 3,
            "api": "csp_SeedHub",
            "searchable": 1,
            "quickSearch": 1,
            "filterable": 1
        },
        {
            "key": "磁力熊",
            "name": "磁力熊｜磁力",
            "type": 3,
            "api": "./JS/drpy2.min.js",
            "ext": "./JS/磁力熊.js"
        },
        {
            "key": "美剧迷",
            "name": "美剧迷｜磁力",
            "type": 3,
            "api": "csp_MeijuMi",
            "searchable": 1,
            "quickSearch": 1,
            "filterable": 1
        },
        {
            "key": "迅雷吧",
            "name": "迅雷吧｜磁力",
            "type": 3,
            "api": "csp_Xunlei8",
            "searchable": 1,
            "quickSearch": 1,
            "filterable": 1
        },
        {
            "key": "电影港",
            "name": "电影港｜磁力",
            "type": 3,
            "api": "csp_XYQHiker",
            "searchable": 1,
            "quickSearch": 1,
            "filterable": 1,
            "ext": "./XYQHiker/电影港.json"
        },
        {
            "key": "布谷TV",
            "name": "布谷TV｜磁力",
            "type": 3,
            "api": "csp_XBPQ",
            "searchable": 1,
            "quickSearch": 1,
            "filterable": 1,
            "ext": "./XBPQ/布谷TV.json"
        },
        {
            "key": "BT天堂",
            "name": "BT天堂｜磁力",
            "type": 3,
            "api": "csp_XYQHiker",
            "searchable": 1,
            "quickSearch": 1,
            "filterable": 1,
            "ext": "./XYQHiker/BT天堂.json"
        },
        {
            "key": "Mp4电影",
            "name": "Mp4电影｜磁力",
            "type": 3,
            "api": "csp_Mp4Mov",
            "searchable": 1,
            "quickSearch": 1,
            "filterable": 1
        },
        {
            "key": "酷吧电影",
            "name": "酷吧电影｜磁力",
            "type": 3,
            "api": "csp_KubaCL",
            "searchable": 1,
            "quickSearch": 1,
            "filterable": 1
        },
        {
            "key": "美剧天堂",
            "name": "美剧天堂｜磁力",
            "type": 3,
            "api": "csp_MeijuTT",
            "searchable": 1,
            "quickSearch": 1,
            "filterable": 1
        },
        {
            "key": "我的阿里",
            "name": "我的｜阿里",
            "type": 3,
            "api": "csp_MyAli",
            "searchable": 0,
            "quickSearch": 0,
            "filterable": 0,
            "indexs": 0,
            "ext": {
                "token": "http://127.0.0.1:9978/file/TVBox/token.txt"
            },
            "style": {
                "type": "list"
            }
        },
        {
            "key": "我的夸克",
            "name": "我的｜夸克",
            "type": 3,
            "api": "csp_MyQuark",
            "searchable": 0,
            "quickSearch": 0,
            "filterable": 0,
            "indexs": 0,
            "ext": {
                "cookie": "http://127.0.0.1:9978/file/TVBox/quark.txt"
            },
            "style": {
                "type": "list"
            }
        },
        {
            "key": "我的UC",
            "name": "我的｜UC",
            "type": 3,
            "api": "csp_MyUc",
            "searchable": 0,
            "quickSearch": 0,
            "filterable": 0,
            "indexs": 0,
            "ext": {
                "uc_cookie": "http://127.0.0.1:9978/file/TVBox/uc.txt"
            },
            "style": {
                "type": "list"
            }
        },
        {
            "key": "阿里合集",
            "name": "阿里｜合集",
            "type": 3,
            "api": "csp_AliShare",
            "searchable": 1,
            "changeable": 0,
            "filterable": 0,
            "indexs": 0,
            "ext": {
                "token": "http://127.0.0.1:9978/file/TVBox/token.txt",
                "share": "./JS/alishare.txt"
            },
            "style": {
                "type": "list"
            }
        },
        {
            "key": "短剧合集",
            "name": "短剧｜合集",
            "type": 3,
            "api": "./JS/quark.min.js",
            "ext": "./JS/短剧合集.js",
            "style": {
                "type": "list"
            }
        },
        {
            "key": "Alllive",
            "name": "聚合｜直播‍",
            "type": 3,
            "api": "csp_Wexalllive",
            "searchable": 1,
            "changeable": 1,
            "jar": "./wex.jar"
        },
        {
            "key": "IKTV",
            "name": "KTV｜音乐",
            "type": 3,
            "api": "csp_WexIktv",
            "searchable": 1,
            "changeable": 0,
            "jar": "./wex.jar"
        },
        {
            "key": "检查更新",
            "name": "检查｜更新",
            "type": 3,
            "api": "csp_Market",
            "searchable": 0,
            "changeable": 0,
            "indexs": 0,
            "ext": "https://ghproxy.net/https://raw.githubusercontent.com/PizazzGY/Share/main/market.json"
        },
        {
            "key": "push_agent",
            "name": "手机｜推送",
            "type": 3,
            "api": "csp_Push",
            "searchable": 0,
            "filterable": 0,
            "changeable": 0,
            "ext": {
                "token": "http://127.0.0.1:9978/file/TVBox/token.txt",
                "cookie": "http://127.0.0.1:9978/file/TVBox/quark.txt",
                "uc_cookie": "http://127.0.0.1:9978/file/TVBox/uc.txt",
                "danmu": true
            }
        }
    ],
    "parses": [
        {
            "name": "推荐",
            "type": 1,
            "url": "https://jxjson.icu/neibu.php?url=",
            "ext": {
                "flag": [
                    "qq",
                    "腾讯",
                    "qiyi",
                    "爱奇艺",
                    "奇艺",
                    "youku",
                    "优酷",
                    "sohu",
                    "搜狐",
                    "letv",
                    "乐视",
                    "mgtv",
                    "芒果",
                    "tnmb",
                    "seven",
                    "bilibili",
                    "1905"
                ],
                "header": {
                    "User-Agent": "okhttp/4.9.1"
                }
            }
        },
        {
            "name": "优选",
            "type": 1,
            "url": "http://1.94.221.189:88/algorithm.php?url=",
            "ext": {
                "flag": [
                    "qq",
                    "腾讯",
                    "qiyi",
                    "爱奇艺",
                    "奇艺",
                    "youku",
                    "优酷",
                    "sohu",
                    "搜狐",
                    "letv",
                    "乐视",
                    "mgtv",
                    "芒果",
                    "tnmb",
                    "seven",
                    "bilibili",
                    "1905"
                ],
                "header": {
                    "User-Agent": "okhttp/4.9.1"
                }
            }
        },
        {
            "name": "臻享",
            "type": "1",
            "url": "http://pan.qiaoji8.com/tvbox/neibu.php?url=",
            "ext": {
                "flag": [
                    "qq",
                    "腾讯",
                    "qiyi",
                    "爱奇艺",
                    "奇艺",
                    "youku",
                    "优酷",
                    "sohu",
                    "搜狐",
                    "letv",
                    "乐视",
                    "mgtv",
                    "芒果",
                    "tnmb",
                    "seven",
                    "bilibili",
                    "1905"
                ],
                "header": {
                    "User-Agent": "okhttp/4.9.1"
                }
            }
        },
        {
            "name": "至臻",
            "type": 1,
            "url": "http://yunhai.qijiyun.vip/home/api?type=ys&uid=177259&key=dijnouxKNOQSTUWXY5&url=",
            "ext": {
                "flag": [
                    "qq",
                    "腾讯",
                    "qiyi",
                    "爱奇艺",
                    "奇艺",
                    "youku",
                    "优酷",
                    "sohu",
                    "搜狐",
                    "letv",
                    "乐视",
                    "mgtv",
                    "芒果",
                    "tnmb",
                    "seven",
                    "bilibili",
                    "1905"
                ],
                "header": {
                    "User-Agent": "okhttp/4.9.1"
                }
            }
        },
        {
            "name": "HGvip",
            "type": 1,
            "url": "http://1.94.221.189:88/algorithm.php?url=",
            "ext": {
                "flag": [
                    "hgvip"
                ],
                "header": {
                    "User-Agent": "okhttp/4.9.1"
                }
            }
        },
        {
            "name": "皮皮虾",
            "type": "1",
            "url": "http://45.207.215.101:5423/index.php?url=",
            "ext": {
                "flag": [
                    "PPXLG",
                    "皮皮虾4K"
                ]
            }
        },
        {
            "name": "无双",
            "type": 0,
            "url": " http://103.117.123.193:1980/players/?url=",
            "ext": {
                "flag": [
                    "mgtv",
                    "芒果",
                    "RY",
                    "VIP线路"
                ],
                "header": {
                    "User-Agent": "okhttp/4.9.1"
                }
            }
        },
        {
            "name": "线路1",
            "type": 0,
            "url": "https://jx.quankan.app/?url=",
            "ext": {
                "header": {
                    "user-agent": "Mozilla/5.0 (Linux; Android 13; V2049A Build/TP1A.220624.014; wv) AppleWebKit/537.36 (KHTML, like Gecko) Version/4.0 Chrome/116.0.0.0 Mobile Safari/537.36"
                }
            }
        },
        {
            "name": "线路2",
            "type": 0,
            "url": "https://jx.yparse.com/index.php?url=",
            "ext": {
                "header": {
                    "user-agent": "Mozilla/5.0 (Linux; Android 13; V2049A Build/TP1A.220624.014; wv) AppleWebKit/537.36 (KHTML, like Gecko) Version/4.0 Chrome/116.0.0.0 Mobile Safari/537.36"
                }
            }
        },
        {
            "name": "线路3",
            "type": 0,
            "url": "https://jx.aidouer.net/?url=",
            "ext": {
                "header": {
                    "user-agent": "Mozilla/5.0 (Linux; Android 13; V2049A Build/TP1A.220624.014; wv) AppleWebKit/537.36 (KHTML, like Gecko) Version/4.0 Chrome/116.0.0.0 Mobile Safari/537.36",
                    "referer": "https://jiejie.uk/"
                }
            }
        },
        {
            "name": "线路4",
            "type": 0,
            "url": "https://www.8090g.cn/?url="
        },
        {
            "name": "线路5",
            "type": 0,
            "url": "https://jx.yangtu.top?url="
        },
        {
            "name": "线路6",
            "type": 0,
            "url": "https://jx.m3u8.tv/jiexi/?url="
        },
        {
            "name": "线路7",
            "type": 0,
            "url": "https://www.ckplayer.vip/jiexi/?url="
        }
    ],
    "rules": [
        {
            "name": "量子非凡广告",
            "hosts": [
                "lz",
                "vip.lz",
                "v.cdnlz",
                "hd.lz",
                "ffzy",
                "vip.ffzy",
                "hd.ffzy"
            ],
            "regex": [
                "#EXT-X-DISCONTINUITY\\r*\\n*#EXTINF:6.666667,[\\s\\S]*?#EXT-X-DISCONTINUITY",
                "#EXT-X-DISCONTINUITY\\r*\\n*#EXTINF:6.600000,[\\s\\S]*?#EXT-X-DISCONTINUITY"
            ]
        },
        {
            "name": "索尼广告",
            "hosts": [
                "suonizy",
                "qrssv.com"
            ],
            "regex": [
                "15.1666",
                "15.2666"
            ]
        },
        {
            "name": "乐视广告",
            "hosts": [
                "leshiyun"
            ],
            "regex": [
                "15.92"
            ]
        },
        {
            "name": "优质广告",
            "hosts": [
                "yzzy",
                "playback"
            ],
            "regex": [
                "16.63",
                "18.66",
                "17.66",
                "19.13"
            ]
        },
        {
            "name": "快看广告",
            "hosts": [
                "kuaikan",
                "vip.kuaikan"
            ],
            "regex": [
                "15.32",
                "15.231",
                "18.066"
            ]
        },
        {
            "name": "360广告",
            "hosts": [
                "lyhuicheng"
            ],
            "regex": [
                "#EXTINF.*?\\s+.*?hrz8QcR9.*?\\.ts\\s+",
                "#EXT-X-KEY:METHOD=NONE[\\s\\S]*?#EXT-X-DISCONTINUITY"
            ]
        },
        {
            "name": "开源棋牌",
            "hosts": [
                "askzycdn",
                "jkunbf",
                "bfikuncdn",
                "bfaskcdn"
            ],
            "regex": [
                "#EXT-X-KEY:METHOD=NONE\\r*\\n*#EXTINF:5,[\\s\\S]*?#EXT-X-DISCONTINUITY",
                "#EXT-X-KEY:METHOD=AES-128,URI=\"[^\"]+\"\\r*\\n*#EXTINF:3.333,[\\s\\S]*?#EXT-X-DISCONTINUITY"
            ]
        },
        {
            "name": "暴风广告",
            "hosts": [
                "bfengbf.com",
                "bfzy",
                "c1"
            ],
            "regex": [
                "#EXTINF.*?\\s+.*?adjump.*?\\.ts\\s+",
                "#EXT-X-DISCONTINUITY\r*\n*#EXTINF:3,[\\s\\S]*?#EXT-X-DISCONTINUITY"
            ]
        },
        {
            "name": "磁力广告",
            "hosts": [
                "magnet"
            ],
            "regex": [
                "更多",
                "请访问",
                "example",
                "社 區",
                "x u u",
                "直 播",
                "更 新",
                "社 区",
                "有趣",
                "有 趣",
                "英皇体育",
                "全中文AV在线",
                "澳门皇冠赌场",
                "哥哥快来",
                "美女荷官",
                "裸聊",
                "新片首发",
                "UUE29"
            ]
        },
        {
            "name": "火山嗅探",
            "hosts": [
                "huoshan.com"
            ],
            "regex": [
                "item_id="
            ]
        },
        {
            "name": "抖音嗅探",
            "hosts": [
                "douyin.com"
            ],
            "regex": [
                "is_play_url="
            ]
        },
        {
            "name": "农民嗅探",
            "hosts": [
                "toutiaovod.com"
            ],
            "regex": [
                "video/tos/cn"
            ]
        }
    ],
    "doh": [
        {
            "name": "Google",
            "url": "https://dns.google/dns-query",
            "ips": [
                "8.8.4.4",
                "8.8.8.8"
            ]
        },
        {
            "name": "Cloudflare",
            "url": "https://cloudflare-dns.com/dns-query",
            "ips": [
                "1.1.1.1",
                "1.0.0.1",
                "2606:4700:4700::1111",
                "2606:4700:4700::1001"
            ]
        },
        {
            "name": "AdGuard",
            "url": "https://dns.adguard.com/dns-query",
            "ips": [
                "94.140.14.140",
                "94.140.14.141"
            ]
        },
        {
            "name": "DNSWatch",
            "url": "https://resolver2.dns.watch/dns-query",
            "ips": [
                "84.200.69.80",
                "84.200.70.40"
            ]
        },
        {
            "name": "Quad9",
            "url": "https://dns.quad9.net/dns-quer",
            "ips": [
                "9.9.9.9",
                "149.112.112.112"
            ]
        }
    ],
    "lives": [
        {
            "name": "AI直播",
            "type": 0,
            "url": "https://ghproxy.net/raw.githubusercontent.com/PizazzGY/TV/master/output/user_result.txt",
            "epg": "http://cdn.1678520.xyz/epg/?ch={name}&date={date}",
            "logo": "https://live.fanmingming.cn/tv/{name}.png",
            "playerType": 1,
            "timeout": 10
        },
        {
            "name": "直播",
            "type": 3,
            "api": "csp_Feiyang",
            "url": "tv.m3u",
            "timeout": 10,
            "ua": "okhttp/3.15"
        },
        {
            "name": "电视Live",
            "type": 0,
            "url": "http://127.0.0.1:9978/proxy?do=live&u=Gather",
            "playerType": 2,
            "timeout": 10
        },
        {
            "name": "网络Live",
            "type": 0,
            "url": "http://127.0.0.1:9978/proxy?do=live&url=https://tv.iill.top/m3u/Live",
            "playerType": 2,
            "timeout": 10
        },
        {
            "name": "范明明",
            "type": 0,
            "url": "https://live.fanmingming.cn/tv/m3u/ipv6.m3u",
            "playerType": 2,
            "timeout": 10
        }
    ],
    "flags": [
        "youku",
        "优酷",
        "优 酷",
        "优酷视频",
        "qq",
        "腾讯",
        "腾 讯",
        "腾讯视频",
        "iqiyi",
        "qiyi",
        "奇艺",
        "爱奇艺",
        "爱 奇 艺",
        "m1905",
        "xigua",
        "letv",
        "leshi",
        "乐视",
        "乐 视",
        "sohu",
        "搜狐",
        "搜 狐",
        "搜狐视频",
        "tudou",
        "pptv",
        "mgtv",
        "芒果",
        "imgo",
        "芒果TV",
        "芒 果 T V",
        "bilibili",
        "哔 哩",
        "哔 哩 哔 哩"
    ],
    "ijk": [
        {
            "group": "软解码",
            "options": [
                {
                    "category": 4,
                    "name": "opensles",
                    "value": "0"
                },
                {
                    "category": 4,
                    "name": "overlay-format",
                    "value": "842225234"
                },
                {
                    "category": 4,
                    "name": "framedrop",
                    "value": "1"
                },
                {
                    "category": 4,
                    "name": "soundtouch",
                    "value": "1"
                },
                {
                    "category": 4,
                    "name": "start-on-prepared",
                    "value": "1"
                },
                {
                    "category": 1,
                    "name": "http-detect-range-support",
                    "value": "0"
                },
                {
                    "category": 1,
                    "name": "fflags",
                    "value": "fastseek"
                },
                {
                    "category": 2,
                    "name": "skip_loop_filter",
                    "value": "48"
                },
                {
                    "category": 4,
                    "name": "reconnect",
                    "value": "1"
                },
                {
                    "category": 4,
                    "name": "enable-accurate-seek",
                    "value": "0"
                },
                {
                    "category": 4,
                    "name": "mediacodec",
                    "value": "0"
                },
                {
                    "category": 4,
                    "name": "mediacodec-auto-rotate",
                    "value": "0"
                },
                {
                    "category": 4,
                    "name": "mediacodec-handle-resolution-change",
                    "value": "0"
                },
                {
                    "category": 4,
                    "name": "mediacodec-hevc",
                    "value": "0"
                },
                {
                    "category": 1,
                    "name": "dns_cache_timeout",
                    "value": "600000000"
                }
            ]
        },
        {
            "group": "硬解码",
            "options": [
                {
                    "category": 4,
                    "name": "opensles",
                    "value": "0"
                },
                {
                    "category": 4,
                    "name": "overlay-format",
                    "value": "842225234"
                },
                {
                    "category": 4,
                    "name": "framedrop",
                    "value": "1"
                },
                {
                    "category": 4,
                    "name": "soundtouch",
                    "value": "1"
                },
                {
                    "category": 4,
                    "name": "start-on-prepared",
                    "value": "1"
                },
                {
                    "category": 1,
                    "name": "http-detect-range-support",
                    "value": "0"
                },
                {
                    "category": 1,
                    "name": "fflags",
                    "value": "fastseek"
                },
                {
                    "category": 2,
                    "name": "skip_loop_filter",
                    "value": "48"
                },
                {
                    "category": 4,
                    "name": "reconnect",
                    "value": "1"
                },
                {
                    "category": 4,
                    "name": "enable-accurate-seek",
                    "value": "0"
                },
                {
                    "category": 4,
                    "name": "mediacodec",
                    "value": "1"
                },
                {
                    "category": 4,
                    "name": "mediacodec-auto-rotate",
                    "value": "1"
                },
                {
                    "category": 4,
                    "name": "mediacodec-handle-resolution-change",
                    "value": "1"
                },
                {
                    "category": 4,
                    "name": "mediacodec-hevc",
                    "value": "1"
                },
                {
                    "category": 1,
                    "name": "dns_cache_timeout",
                    "value": "600000000"
                }
            ]
        }
    ],
    "ads": [
        "static-mozai.4gtv.tv"
    ]
}